{"cameraMode":{"drawMode":0,"name":"Shaded","section":"Shading Mode"},"sceneLighting":false,"audioPlay":false,"sceneViewState":{"m_AlwaysRefresh":false,"showFog":true,"showSkybox":false,"showFlares":true,"showImageEffects":true,"showParticleSystems":true,"showVisualEffectGraphs":true,"m_FxEnabled":true},"in2DMode":false,"pivot":{"x":-1.6451318264007569,"y":6.507254600524902,"z":0.1785125732421875},"rotation":{"x":0.16005785763263703,"y":0.029945842921733857,"z":-0.004749500658363104,"w":0.9867117404937744},"size":9.354143142700196,"orthographic":false}