{"cameraMode":{"drawMode":0,"name":"Shaded","section":"Shading Mode"},"sceneLighting":false,"audioPlay":false,"sceneViewState":{"m_AlwaysRefresh":false,"showFog":true,"showSkybox":false,"showFlares":true,"showImageEffects":true,"showParticleSystems":true,"showVisualEffectGraphs":true,"m_FxEnabled":true},"in2DMode":false,"pivot":{"x":1.0289210081100464,"y":1.4830224514007569,"z":-1.8200874328613282},"rotation":{"x":0.22194020450115205,"y":-0.012824483215808869,"z":0.0030343930702656509,"w":0.9750418066978455},"size":4.083801746368408,"orthographic":false}