{"cameraMode":{"drawMode":0,"name":"Shaded","section":"Shading Mode"},"sceneLighting":true,"audioPlay":false,"sceneViewState":{"m_AlwaysRefresh":false,"showFog":true,"showSkybox":false,"showFlares":true,"showImageEffects":true,"showParticleSystems":true,"showVisualEffectGraphs":true,"m_FxEnabled":true},"in2DMode":false,"pivot":{"x":-50.60260009765625,"y":3.0405945777893068,"z":1.3884038925170899},"rotation":{"x":0.2640596330165863,"y":0.02637931890785694,"z":-0.007111817132681608,"w":0.9641898274421692},"size":5.614378452301025,"orthographic":false}