{"cameraMode":{"drawMode":0,"name":"Shaded","section":"Shading Mode"},"sceneLighting":true,"audioPlay":false,"sceneViewState":{"m_AlwaysRefresh":false,"showFog":true,"showSkybox":true,"showFlares":true,"showImageEffects":true,"showParticleSystems":true,"showVisualEffectGraphs":true,"m_FxEnabled":true},"in2DMode":false,"pivot":{"x":-5.198479175567627,"y":7.999558448791504,"z":0.8186211585998535},"rotation":{"x":0.08271428197622299,"y":0.004479749593883753,"z":-0.0003718361840583384,"w":0.9965643882751465},"size":14.978402137756348,"orthographic":false}